rank_test_score,mean_test_score,std_test_score,mean_train_score,std_train_score,mean_fit_time,std_fit_time,mean_score_time,std_score_time,param_model__learning_rate,param_model__max_depth,param_model__min_child_weight,param_model__min_split_loss,params,split0_test_score,split0_train_score
1,0.4322766570605187,0.0,0.6734578381437465,0.0,22.533030033111572,0.0,0.059055328369140625,0.0,0.8,6,10,50,"{'model__learning_rate': 0.8, 'model__max_depth': 6, 'model__min_child_weight': 10, 'model__min_split_loss': 50}",0.4322766570605187,0.6734578381437465
2,0.42517006802721086,0.0,0.7481296758104737,0.0,11.533146381378174,0.0,0.07141256332397461,0.0,0.3,3,5,0,"{'model__learning_rate': 0.3, 'model__max_depth': 3, 'model__min_child_weight': 5, 'model__min_split_loss': 0}",0.42517006802721086,0.7481296758104737
3,0.42483660130718953,0.0,0.7172869147659063,0.0,11.428774118423462,0.0,0.04303717613220215,0.0,0.8,3,5,10,"{'model__learning_rate': 0.8, 'model__max_depth': 3, 'model__min_child_weight': 5, 'model__min_split_loss': 10}",0.42483660130718953,0.7172869147659063
4,0.42207792207792205,0.0,0.7181328545780968,0.0,12.864201307296753,0.0,0.035001277923583984,0.0,0.8,3,10,10,"{'model__learning_rate': 0.8, 'model__max_depth': 3, 'model__min_child_weight': 10, 'model__min_split_loss': 10}",0.42207792207792205,0.7181328545780968
5,0.4166666666666667,0.0,0.7462686567164178,0.0,16.68136167526245,0.0,0.030918598175048828,0.0,0.5,6,1,10,"{'model__learning_rate': 0.5, 'model__max_depth': 6, 'model__min_child_weight': 1, 'model__min_split_loss': 10}",0.4166666666666667,0.7462686567164178
5,0.4166666666666667,0.0,0.819672131147541,0.0,13.706194162368774,0.0,0.03989362716674805,0.0,0.8,3,5,0,"{'model__learning_rate': 0.8, 'model__max_depth': 3, 'model__min_child_weight': 5, 'model__min_split_loss': 0}",0.4166666666666667,0.819672131147541
7,0.410958904109589,0.0,0.7547169811320754,0.0,13.726160287857056,0.0,0.08304142951965332,0.0,0.3,3,1,0,"{'model__learning_rate': 0.3, 'model__max_depth': 3, 'model__min_child_weight': 1, 'model__min_split_loss': 0}",0.410958904109589,0.7547169811320754
8,0.4089219330855019,0.0,0.7889546351084814,0.0,11.554746866226196,0.0,0.028985261917114258,0.0,0.5,3,5,0,"{'model__learning_rate': 0.5, 'model__max_depth': 3, 'model__min_child_weight': 5, 'model__min_split_loss': 0}",0.4089219330855019,0.7889546351084814
9,0.40590405904059046,0.0,0.8,0.0,8.332794427871704,0.0,0.03091740608215332,0.0,0.5,3,1,0,"{'model__learning_rate': 0.5, 'model__max_depth': 3, 'model__min_child_weight': 1, 'model__min_split_loss': 0}",0.40590405904059046,0.8
10,0.40453074433656966,0.0,0.7303712720632989,0.0,8.797698020935059,0.0,0.034032344818115234,0.0,0.5,3,1,10,"{'model__learning_rate': 0.5, 'model__max_depth': 3, 'model__min_child_weight': 1, 'model__min_split_loss': 10}",0.40453074433656966,0.7303712720632989
11,0.40372670807453415,0.0,0.724200362100181,0.0,9.39301609992981,0.0,0.02905750274658203,0.0,0.5,3,5,10,"{'model__learning_rate': 0.5, 'model__max_depth': 3, 'model__min_child_weight': 5, 'model__min_split_loss': 10}",0.40372670807453415,0.724200362100181
12,0.40277777777777773,0.0,0.6631225517627307,0.0,14.69614839553833,0.0,0.02799844741821289,0.0,0.5,6,5,50,"{'model__learning_rate': 0.5, 'model__max_depth': 6, 'model__min_child_weight': 5, 'model__min_split_loss': 50}",0.40277777777777773,0.6631225517627307
13,0.4012345679012345,0.0,0.7104637336504163,0.0,10.440122842788696,0.0,0.048004865646362305,0.0,0.3,3,1,10,"{'model__learning_rate': 0.3, 'model__max_depth': 3, 'model__min_child_weight': 1, 'model__min_split_loss': 10}",0.4012345679012345,0.7104637336504163
14,0.3978779840848807,0.0,0.6483516483516484,0.0,12.098670482635498,0.0,0.04488039016723633,0.0,0.1,6,5,50,"{'model__learning_rate': 0.1, 'model__max_depth': 6, 'model__min_child_weight': 5, 'model__min_split_loss': 50}",0.3978779840848807,0.6483516483516484
15,0.3956834532374101,0.0,0.7761966364812418,0.0,11.007963180541992,0.0,0.03848910331726074,0.0,0.5,3,10,0,"{'model__learning_rate': 0.5, 'model__max_depth': 3, 'model__min_child_weight': 10, 'model__min_split_loss': 0}",0.3956834532374101,0.7761966364812418
16,0.39402173913043476,0.0,0.6530160486995019,0.0,11.318725109100342,0.0,0.028923511505126953,0.0,0.1,6,1,50,"{'model__learning_rate': 0.1, 'model__max_depth': 6, 'model__min_child_weight': 1, 'model__min_split_loss': 50}",0.39402173913043476,0.6530160486995019
16,0.39402173913043476,0.0,0.662251655629139,0.0,17.98774743080139,0.0,0.03503608703613281,0.0,0.5,6,10,50,"{'model__learning_rate': 0.5, 'model__max_depth': 6, 'model__min_child_weight': 10, 'model__min_split_loss': 50}",0.39402173913043476,0.662251655629139
18,0.39115646258503406,0.0,0.7633587786259542,0.0,17.479434967041016,0.0,0.030950069427490234,0.0,0.5,6,10,10,"{'model__learning_rate': 0.5, 'model__max_depth': 6, 'model__min_child_weight': 10, 'model__min_split_loss': 10}",0.39115646258503406,0.7633587786259542
19,0.390625,0.0,0.8026755852842808,0.0,12.496176481246948,0.0,0.03598642349243164,0.0,0.8,3,10,0,"{'model__learning_rate': 0.8, 'model__max_depth': 3, 'model__min_child_weight': 10, 'model__min_split_loss': 0}",0.390625,0.8026755852842808
20,0.38983050847457623,0.0,0.7514088916718848,0.0,23.994043350219727,0.0,0.04886889457702637,0.0,0.3,9,10,10,"{'model__learning_rate': 0.3, 'model__max_depth': 9, 'model__min_child_weight': 10, 'model__min_split_loss': 10}",0.38983050847457623,0.7514088916718848
21,0.389294403892944,0.0,0.5940343781597572,0.0,22.36951518058777,0.0,0.07351040840148926,0.0,0.1,9,1,100,"{'model__learning_rate': 0.1, 'model__max_depth': 9, 'model__min_child_weight': 1, 'model__min_split_loss': 100}",0.389294403892944,0.5940343781597572
21,0.389294403892944,0.0,0.5940343781597572,0.0,23.492937803268433,0.0,0.048868417739868164,0.0,0.1,9,5,100,"{'model__learning_rate': 0.1, 'model__max_depth': 9, 'model__min_child_weight': 5, 'model__min_split_loss': 100}",0.389294403892944,0.5940343781597572
21,0.389294403892944,0.0,0.6040794979079498,0.0,11.96396803855896,0.0,0.0469517707824707,0.0,0.8,3,1,100,"{'model__learning_rate': 0.8, 'model__max_depth': 3, 'model__min_child_weight': 1, 'model__min_split_loss': 100}",0.389294403892944,0.6040794979079498
21,0.389294403892944,0.0,0.6040794979079498,0.0,10.778955698013306,0.0,0.047872066497802734,0.0,0.8,3,5,100,"{'model__learning_rate': 0.8, 'model__max_depth': 3, 'model__min_child_weight': 5, 'model__min_split_loss': 100}",0.389294403892944,0.6040794979079498
25,0.3888888888888889,0.0,0.7858546168958742,0.0,28.596887350082397,0.0,0.09192156791687012,0.0,0.1,9,10,0,"{'model__learning_rate': 0.1, 'model__max_depth': 9, 'model__min_child_weight': 10, 'model__min_split_loss': 0}",0.3888888888888889,0.7858546168958742
26,0.38666666666666666,0.0,0.6476964769647697,0.0,25.133532524108887,0.0,0.08146524429321289,0.0,0.1,9,10,50,"{'model__learning_rate': 0.1, 'model__max_depth': 9, 'model__min_child_weight': 10, 'model__min_split_loss': 50}",0.38666666666666666,0.6476964769647697
27,0.3865979381443299,0.0,0.6319999999999999,0.0,10.487934827804565,0.0,0.03297615051269531,0.0,0.5,3,5,50,"{'model__learning_rate': 0.5, 'model__max_depth': 3, 'model__min_child_weight': 5, 'model__min_split_loss': 50}",0.3865979381443299,0.6319999999999999
28,0.3859649122807018,0.0,0.7751937984496124,0.0,20.457136869430542,0.0,0.04299521446228027,0.0,0.3,9,5,10,"{'model__learning_rate': 0.3, 'model__max_depth': 9, 'model__min_child_weight': 5, 'model__min_split_loss': 10}",0.3859649122807018,0.7751937984496124
29,0.38567493112947654,0.0,0.664627363737486,0.0,15.453843593597412,0.0,0.034995079040527344,0.0,0.5,6,1,50,"{'model__learning_rate': 0.5, 'model__max_depth': 6, 'model__min_child_weight': 1, 'model__min_split_loss': 50}",0.38567493112947654,0.664627363737486
30,0.3856041131105399,0.0,0.6143162393162394,0.0,14.431401252746582,0.0,0.04188799858093262,0.0,0.01,6,10,0,"{'model__learning_rate': 0.01, 'model__max_depth': 6, 'model__min_child_weight': 10, 'model__min_split_loss': 0}",0.3856041131105399,0.6143162393162394
30,0.3856041131105399,0.0,0.6139882541377468,0.0,11.279829502105713,0.0,0.031914710998535156,0.0,0.01,6,10,10,"{'model__learning_rate': 0.01, 'model__max_depth': 6, 'model__min_child_weight': 10, 'model__min_split_loss': 10}",0.3856041131105399,0.6139882541377468
32,0.3846153846153845,0.0,0.6097560975609755,0.0,11.355627059936523,0.0,0.03091740608215332,0.0,0.01,6,10,50,"{'model__learning_rate': 0.01, 'model__max_depth': 6, 'model__min_child_weight': 10, 'model__min_split_loss': 50}",0.3846153846153845,0.6097560975609755
32,0.3846153846153845,0.0,0.6726964386659129,0.0,23.20490550994873,0.0,0.03091716766357422,0.0,0.5,9,1,50,"{'model__learning_rate': 0.5, 'model__max_depth': 9, 'model__min_child_weight': 1, 'model__min_split_loss': 50}",0.3846153846153845,0.6726964386659129
34,0.3834355828220859,0.0,0.7012910798122066,0.0,13.172932147979736,0.0,0.06494712829589844,0.0,0.3,3,5,10,"{'model__learning_rate': 0.3, 'model__max_depth': 3, 'model__min_child_weight': 5, 'model__min_split_loss': 10}",0.3834355828220859,0.7012910798122066
34,0.3834355828220859,0.0,0.7021151586368977,0.0,8.977896690368652,0.0,0.028990507125854492,0.0,0.3,3,10,10,"{'model__learning_rate': 0.3, 'model__max_depth': 3, 'model__min_child_weight': 10, 'model__min_split_loss': 10}",0.3834355828220859,0.7021151586368977
36,0.38258575197889183,0.0,0.6368051807879114,0.0,15.663313388824463,0.0,0.02499842643737793,0.0,0.3,6,10,50,"{'model__learning_rate': 0.3, 'model__max_depth': 6, 'model__min_child_weight': 10, 'model__min_split_loss': 50}",0.38258575197889183,0.6368051807879114
37,0.3816793893129771,0.0,0.6269925611052072,0.0,9.36120867729187,0.0,0.03606700897216797,0.0,0.5,3,1,50,"{'model__learning_rate': 0.5, 'model__max_depth': 3, 'model__min_child_weight': 1, 'model__min_split_loss': 50}",0.3816793893129771,0.6269925611052072
38,0.38135593220338987,0.0,0.6640625,0.0,24.24005365371704,0.0,0.043058156967163086,0.0,0.1,9,5,50,"{'model__learning_rate': 0.1, 'model__max_depth': 9, 'model__min_child_weight': 5, 'model__min_split_loss': 50}",0.38135593220338987,0.6640625
39,0.38062283737024216,0.0,0.7604562737642585,0.0,12.976811170578003,0.0,0.044879913330078125,0.0,0.1,6,5,0,"{'model__learning_rate': 0.1, 'model__max_depth': 6, 'model__min_child_weight': 5, 'model__min_split_loss': 0}",0.38062283737024216,0.7604562737642585
40,0.3804347826086956,0.0,0.6374722838137471,0.0,11.368591785430908,0.0,0.028923749923706055,0.0,0.01,6,5,0,"{'model__learning_rate': 0.01, 'model__max_depth': 6, 'model__min_child_weight': 5, 'model__min_split_loss': 0}",0.3804347826086956,0.6374722838137471
40,0.3804347826086956,0.0,0.6378258458125347,0.0,14.034462213516235,0.0,0.03490757942199707,0.0,0.01,6,5,10,"{'model__learning_rate': 0.01, 'model__max_depth': 6, 'model__min_child_weight': 5, 'model__min_split_loss': 10}",0.3804347826086956,0.6378258458125347
42,0.3802281368821293,0.0,0.8113590263691682,0.0,15.94486403465271,0.0,0.04599165916442871,0.0,0.3,6,10,0,"{'model__learning_rate': 0.3, 'model__max_depth': 6, 'model__min_child_weight': 10, 'model__min_split_loss': 0}",0.3802281368821293,0.8113590263691682
43,0.37974683544303794,0.0,0.7155635062611807,0.0,13.832533359527588,0.0,0.03989362716674805,0.0,0.1,6,10,10,"{'model__learning_rate': 0.1, 'model__max_depth': 6, 'model__min_child_weight': 10, 'model__min_split_loss': 10}",0.37974683544303794,0.7155635062611807
44,0.3795379537953795,0.0,0.7471980074719801,0.0,16.051653623580933,0.0,0.05500197410583496,0.0,0.5,6,5,10,"{'model__learning_rate': 0.5, 'model__max_depth': 6, 'model__min_child_weight': 5, 'model__min_split_loss': 10}",0.3795379537953795,0.7471980074719801
45,0.37940379403794044,0.0,0.6542056074766356,0.0,14.0980224609375,0.0,0.024991989135742188,0.0,0.3,6,5,50,"{'model__learning_rate': 0.3, 'model__max_depth': 6, 'model__min_child_weight': 5, 'model__min_split_loss': 50}",0.37940379403794044,0.6542056074766356
46,0.37921348314606745,0.0,0.6715165081141579,0.0,24.111485242843628,0.0,0.03402233123779297,0.0,0.3,9,10,50,"{'model__learning_rate': 0.3, 'model__max_depth': 9, 'model__min_child_weight': 10, 'model__min_split_loss': 50}",0.37921348314606745,0.6715165081141579
47,0.3781512605042017,0.0,0.8486562942008486,0.0,12.689512491226196,0.0,0.033910274505615234,0.0,0.8,3,1,0,"{'model__learning_rate': 0.8, 'model__max_depth': 3, 'model__min_child_weight': 1, 'model__min_split_loss': 0}",0.3781512605042017,0.8486562942008486
48,0.3776978417266187,0.0,0.7687379884689302,0.0,16.677534580230713,0.0,0.09598803520202637,0.0,0.8,6,1,10,"{'model__learning_rate': 0.8, 'model__max_depth': 6, 'model__min_child_weight': 1, 'model__min_split_loss': 10}",0.3776978417266187,0.7687379884689302
49,0.37735849056603776,0.0,0.5855855855855857,0.0,27.10063147544861,0.0,0.07878994941711426,0.0,0.1,9,10,100,"{'model__learning_rate': 0.1, 'model__max_depth': 9, 'model__min_child_weight': 10, 'model__min_split_loss': 100}",0.37735849056603776,0.5855855855855857
50,0.3771289537712895,0.0,0.5990663900414939,0.0,12.14784049987793,0.0,0.03298521041870117,0.0,0.8,3,10,100,"{'model__learning_rate': 0.8, 'model__max_depth': 3, 'model__min_child_weight': 10, 'model__min_split_loss': 100}",0.3771289537712895,0.5990663900414939
51,0.3770949720670391,0.0,0.6708004509582862,0.0,18.073508262634277,0.0,0.03390836715698242,0.0,0.1,9,1,50,"{'model__learning_rate': 0.1, 'model__max_depth': 9, 'model__min_child_weight': 1, 'model__min_split_loss': 50}",0.3770949720670391,0.6708004509582862
52,0.37671232876712324,0.0,0.7439553626782393,0.0,25.771048307418823,0.0,0.028962373733520508,0.0,0.5,9,10,10,"{'model__learning_rate': 0.5, 'model__max_depth': 9, 'model__min_child_weight': 10, 'model__min_split_loss': 10}",0.37671232876712324,0.7439553626782393
52,0.37671232876712324,0.0,0.7604562737642585,0.0,20.78115701675415,0.0,0.04986453056335449,0.0,0.8,6,10,10,"{'model__learning_rate': 0.8, 'model__max_depth': 6, 'model__min_child_weight': 10, 'model__min_split_loss': 10}",0.37671232876712324,0.7604562737642585
54,0.3766233766233766,0.0,0.6350053361792957,0.0,12.384408712387085,0.0,0.046877384185791016,0.0,0.1,6,10,50,"{'model__learning_rate': 0.1, 'model__max_depth': 6, 'model__min_child_weight': 10, 'model__min_split_loss': 50}",0.3766233766233766,0.6350053361792957
55,0.3763440860215053,0.0,0.6277292576419214,0.0,12.210339546203613,0.0,0.03092217445373535,0.0,0.01,6,1,10,"{'model__learning_rate': 0.01, 'model__max_depth': 6, 'model__min_child_weight': 1, 'model__min_split_loss': 10}",0.3763440860215053,0.6277292576419214
56,0.37533512064343166,0.0,0.6496710526315791,0.0,9.269208669662476,0.0,0.052857160568237305,0.0,0.1,3,10,0,"{'model__learning_rate': 0.1, 'model__max_depth': 3, 'model__min_child_weight': 10, 'model__min_split_loss': 0}",0.37533512064343166,0.6496710526315791
57,0.37499999999999994,0.0,0.6068601583113457,0.0,11.486275911331177,0.0,0.03291201591491699,0.0,0.01,6,1,50,"{'model__learning_rate': 0.01, 'model__max_depth': 6, 'model__min_child_weight': 1, 'model__min_split_loss': 50}",0.37499999999999994,0.6068601583113457
58,0.3745928338762215,0.0,0.7348438456827924,0.0,12.52746295928955,0.0,0.02797245979309082,0.0,0.3,3,10,0,"{'model__learning_rate': 0.3, 'model__max_depth': 3, 'model__min_child_weight': 10, 'model__min_split_loss': 0}",0.3745928338762215,0.7348438456827924
59,0.3743315508021391,0.0,0.6270447110141767,0.0,14.127213954925537,0.0,0.03490734100341797,0.0,0.01,6,1,0,"{'model__learning_rate': 0.01, 'model__max_depth': 6, 'model__min_child_weight': 1, 'model__min_split_loss': 0}",0.3743315508021391,0.6270447110141767
60,0.37414965986394555,0.0,0.7556675062972292,0.0,20.640564680099487,0.0,0.024967432022094727,0.0,0.3,6,1,10,"{'model__learning_rate': 0.3, 'model__max_depth': 6, 'model__min_child_weight': 1, 'model__min_split_loss': 10}",0.37414965986394555,0.7556675062972292
61,0.37383177570093457,0.0,0.7075192421551214,0.0,10.09285831451416,0.0,0.027986764907836914,0.0,0.5,3,10,10,"{'model__learning_rate': 0.5, 'model__max_depth': 3, 'model__min_child_weight': 10, 'model__min_split_loss': 10}",0.37383177570093457,0.7075192421551214
62,0.3723404255319149,0.0,0.7741935483870968,0.0,14.537116527557373,0.0,0.049866437911987305,0.0,0.1,6,1,0,"{'model__learning_rate': 0.1, 'model__max_depth': 6, 'model__min_child_weight': 1, 'model__min_split_loss': 0}",0.3723404255319149,0.7741935483870968
63,0.372168284789644,0.0,0.7291031116534473,0.0,13.95267939567566,0.0,0.035904645919799805,0.0,0.1,6,1,10,"{'model__learning_rate': 0.1, 'model__max_depth': 6, 'model__min_child_weight': 1, 'model__min_split_loss': 10}",0.372168284789644,0.7291031116534473
64,0.371900826446281,0.0,0.6631225517627307,0.0,8.174136400222778,0.0,0.029919147491455078,0.0,0.1,3,5,10,"{'model__learning_rate': 0.1, 'model__max_depth': 3, 'model__min_child_weight': 5, 'model__min_split_loss': 10}",0.371900826446281,0.6631225517627307
64,0.371900826446281,0.0,0.8385744234800838,0.0,16.93219542503357,0.0,0.08676958084106445,0.0,0.5,6,10,0,"{'model__learning_rate': 0.5, 'model__max_depth': 6, 'model__min_child_weight': 10, 'model__min_split_loss': 0}",0.371900826446281,0.8385744234800838
66,0.37170263788968827,0.0,0.6052093973442287,0.0,14.255077838897705,0.0,0.022001981735229492,0.0,0.5,6,1,100,"{'model__learning_rate': 0.5, 'model__max_depth': 6, 'model__min_child_weight': 1, 'model__min_split_loss': 100}",0.37170263788968827,0.6052093973442287
66,0.37170263788968827,0.0,0.6052093973442287,0.0,15.02911639213562,0.0,0.028924226760864258,0.0,0.5,6,5,100,"{'model__learning_rate': 0.5, 'model__max_depth': 6, 'model__min_child_weight': 5, 'model__min_split_loss': 100}",0.37170263788968827,0.6052093973442287
68,0.37087912087912084,0.0,0.6646102075154234,0.0,8.63191032409668,0.0,0.029919862747192383,0.0,0.1,3,1,10,"{'model__learning_rate': 0.1, 'model__max_depth': 3, 'model__min_child_weight': 1, 'model__min_split_loss': 10}",0.37087912087912084,0.6646102075154234
69,0.3691275167785234,0.0,0.7413151364764268,0.0,12.079060792922974,0.0,0.03291058540344238,0.0,0.8,3,1,10,"{'model__learning_rate': 0.8, 'model__max_depth': 3, 'model__min_child_weight': 1, 'model__min_split_loss': 10}",0.3691275167785234,0.7413151364764268
70,0.3690036900369003,0.0,0.783289817232376,0.0,25.028928995132446,0.0,0.03604602813720703,0.0,0.5,9,5,10,"{'model__learning_rate': 0.5, 'model__max_depth': 9, 'model__min_child_weight': 5, 'model__min_split_loss': 10}",0.3690036900369003,0.783289817232376
71,0.3689567430025445,0.0,0.6133333333333334,0.0,13.853943586349487,0.0,0.029921293258666992,0.0,0.01,6,5,50,"{'model__learning_rate': 0.01, 'model__max_depth': 6, 'model__min_child_weight': 5, 'model__min_split_loss': 50}",0.3689567430025445,0.6133333333333334
72,0.3680203045685279,0.0,0.614307931570762,0.0,10.280037641525269,0.0,0.03799080848693848,0.0,0.8,3,1,50,"{'model__learning_rate': 0.8, 'model__max_depth': 3, 'model__min_child_weight': 1, 'model__min_split_loss': 50}",0.3680203045685279,0.614307931570762
73,0.3676470588235294,0.0,0.690846286701209,0.0,19.052541732788086,0.0,0.02548670768737793,0.0,0.3,9,5,50,"{'model__learning_rate': 0.3, 'model__max_depth': 9, 'model__min_child_weight': 5, 'model__min_split_loss': 50}",0.3676470588235294,0.690846286701209
74,0.36729857819905204,0.0,0.5995934959349594,0.0,6.847688436508179,0.0,0.0309140682220459,0.0,0.1,3,10,50,"{'model__learning_rate': 0.1, 'model__max_depth': 3, 'model__min_child_weight': 10, 'model__min_split_loss': 50}",0.36729857819905204,0.5995934959349594
75,0.36666666666666675,0.0,0.75,0.0,14.759739398956299,0.0,0.049988508224487305,0.0,0.3,6,5,10,"{'model__learning_rate': 0.3, 'model__max_depth': 6, 'model__min_child_weight': 5, 'model__min_split_loss': 10}",0.36666666666666675,0.75
76,0.36643026004728135,0.0,0.5918057663125948,0.0,13.644042730331421,0.0,0.03390860557556152,0.0,0.1,6,10,100,"{'model__learning_rate': 0.1, 'model__max_depth': 6, 'model__min_child_weight': 10, 'model__min_split_loss': 100}",0.36643026004728135,0.5918057663125948
76,0.36643026004728135,0.0,0.5950579929399898,0.0,14.896139144897461,0.0,0.025996923446655273,0.0,0.3,6,10,100,"{'model__learning_rate': 0.3, 'model__max_depth': 6, 'model__min_child_weight': 10, 'model__min_split_loss': 100}",0.36643026004728135,0.5950579929399898
78,0.3662420382165605,0.0,0.7233273056057866,0.0,26.690812826156616,0.0,0.07779145240783691,0.0,0.1,9,10,10,"{'model__learning_rate': 0.1, 'model__max_depth': 9, 'model__min_child_weight': 10, 'model__min_split_loss': 10}",0.3662420382165605,0.7233273056057866
79,0.3661327231121282,0.0,0.5690252350321622,0.0,16.898801565170288,0.0,0.031914472579956055,0.0,0.01,9,1,100,"{'model__learning_rate': 0.01, 'model__max_depth': 9, 'model__min_child_weight': 1, 'model__min_split_loss': 100}",0.3661327231121282,0.5690252350321622
79,0.3661327231121282,0.0,0.5690252350321622,0.0,17.54008650779724,0.0,0.05585145950317383,0.0,0.01,9,5,100,"{'model__learning_rate': 0.01, 'model__max_depth': 9, 'model__min_child_weight': 5, 'model__min_split_loss': 100}",0.3661327231121282,0.5690252350321622
79,0.3661327231121282,0.0,0.5679012345679012,0.0,16.40512228012085,0.0,0.04886817932128906,0.0,0.01,9,10,100,"{'model__learning_rate': 0.01, 'model__max_depth': 9, 'model__min_child_weight': 10, 'model__min_split_loss': 100}",0.3661327231121282,0.5679012345679012
82,0.3648648648648649,0.0,0.6514568444200111,0.0,7.427134037017822,0.0,0.035904884338378906,0.0,0.1,3,10,10,"{'model__learning_rate': 0.1, 'model__max_depth': 3, 'model__min_child_weight': 10, 'model__min_split_loss': 10}",0.3648648648648649,0.6514568444200111
83,0.3645833333333333,0.0,0.6273258904837853,0.0,25.842292547225952,0.0,0.02697277069091797,0.0,0.3,9,10,100,"{'model__learning_rate': 0.3, 'model__max_depth': 9, 'model__min_child_weight': 10, 'model__min_split_loss': 100}",0.3645833333333333,0.6273258904837853
84,0.36432160804020103,0.0,0.6023481368044921,0.0,11.597893953323364,0.0,0.09490799903869629,0.0,0.8,3,10,50,"{'model__learning_rate': 0.8, 'model__max_depth': 3, 'model__min_child_weight': 10, 'model__min_split_loss': 50}",0.36432160804020103,0.6023481368044921
85,0.36388140161725063,0.0,0.6288258208124652,0.0,17.666741847991943,0.0,0.050864219665527344,0.0,0.001,6,10,0,"{'model__learning_rate': 0.001, 'model__max_depth': 6, 'model__min_child_weight': 10, 'model__min_split_loss': 0}",0.36388140161725063,0.6288258208124652
85,0.36388140161725063,0.0,0.6288258208124652,0.0,13.209668397903442,0.0,0.031914472579956055,0.0,0.001,6,10,10,"{'model__learning_rate': 0.001, 'model__max_depth': 6, 'model__min_child_weight': 10, 'model__min_split_loss': 10}",0.36388140161725063,0.6288258208124652
85,0.36388140161725063,0.0,0.6288258208124652,0.0,15.015836238861084,0.0,0.030917644500732422,0.0,0.001,6,10,50,"{'model__learning_rate': 0.001, 'model__max_depth': 6, 'model__min_child_weight': 10, 'model__min_split_loss': 50}",0.36388140161725063,0.6288258208124652
88,0.3634085213032581,0.0,0.6114551083591331,0.0,19.407696962356567,0.0,0.03490638732910156,0.0,0.3,9,1,100,"{'model__learning_rate': 0.3, 'model__max_depth': 9, 'model__min_child_weight': 1, 'model__min_split_loss': 100}",0.3634085213032581,0.6114551083591331
88,0.3634085213032581,0.0,0.6114551083591331,0.0,22.07788872718811,0.0,0.028943300247192383,0.0,0.3,9,5,100,"{'model__learning_rate': 0.3, 'model__max_depth': 9, 'model__min_child_weight': 5, 'model__min_split_loss': 100}",0.3634085213032581,0.6114551083591331
90,0.36332179930795844,0.0,0.7532956685499058,0.0,18.79747200012207,0.0,0.02602553367614746,0.0,0.3,9,1,10,"{'model__learning_rate': 0.3, 'model__max_depth': 9, 'model__min_child_weight': 1, 'model__min_split_loss': 10}",0.36332179930795844,0.7532956685499058
91,0.3629032258064516,0.0,0.6618464961067854,0.0,15.834302425384521,0.0,0.029015302658081055,0.0,0.3,6,1,50,"{'model__learning_rate': 0.3, 'model__max_depth': 6, 'model__min_child_weight': 1, 'model__min_split_loss': 50}",0.3629032258064516,0.6618464961067854
91,0.3629032258064516,0.0,0.6478950246036086,0.0,21.858893871307373,0.0,0.030982494354248047,0.0,0.8,6,5,100,"{'model__learning_rate': 0.8, 'model__max_depth': 6, 'model__min_child_weight': 5, 'model__min_split_loss': 100}",0.3629032258064516,0.6478950246036086
93,0.3627760252365931,0.0,0.715568862275449,0.0,32.22415065765381,0.0,0.050991058349609375,0.0,0.8,9,1,50,"{'model__learning_rate': 0.8, 'model__max_depth': 9, 'model__min_child_weight': 1, 'model__min_split_loss': 50}",0.3627760252365931,0.715568862275449
94,0.3626943005181347,0.0,0.6109324758842444,0.0,17.504181385040283,0.0,0.03390932083129883,0.0,0.001,9,10,100,"{'model__learning_rate': 0.001, 'model__max_depth': 9, 'model__min_child_weight': 10, 'model__min_split_loss': 100}",0.3626943005181347,0.6109324758842444
95,0.36253776435045315,0.0,0.6886574074074073,0.0,16.35824704170227,0.0,0.032912254333496094,0.0,0.01,9,1,10,"{'model__learning_rate': 0.01, 'model__max_depth': 9, 'model__min_child_weight': 1, 'model__min_split_loss': 10}",0.36253776435045315,0.6886574074074073
96,0.3621495327102804,0.0,0.5925365607665153,0.0,6.896554946899414,0.0,0.026926517486572266,0.0,0.1,3,1,50,"{'model__learning_rate': 0.1, 'model__max_depth': 3, 'model__min_child_weight': 1, 'model__min_split_loss': 50}",0.3621495327102804,0.5925365607665153
96,0.3621495327102804,0.0,0.5925365607665153,0.0,8.471340417861938,0.0,0.039893150329589844,0.0,0.1,3,5,50,"{'model__learning_rate': 0.1, 'model__max_depth': 3, 'model__min_child_weight': 5, 'model__min_split_loss': 50}",0.3621495327102804,0.5925365607665153
98,0.36193029490616613,0.0,0.6441048034934499,0.0,19.630017042160034,0.0,0.05303072929382324,0.0,0.8,6,10,100,"{'model__learning_rate': 0.8, 'model__max_depth': 6, 'model__min_child_weight': 10, 'model__min_split_loss': 100}",0.36193029490616613,0.6441048034934499
99,0.3604651162790698,0.0,0.59679037111334,0.0,24.786376953125,0.0,0.026926755905151367,0.0,0.5,9,10,100,"{'model__learning_rate': 0.5, 'model__max_depth': 9, 'model__min_child_weight': 10, 'model__min_split_loss': 100}",0.3604651162790698,0.59679037111334
100,0.3597122302158274,0.0,0.6059063136456212,0.0,23.739294290542603,0.0,0.026047468185424805,0.0,0.5,9,1,100,"{'model__learning_rate': 0.5, 'model__max_depth': 9, 'model__min_child_weight': 1, 'model__min_split_loss': 100}",0.3597122302158274,0.6059063136456212
100,0.3597122302158274,0.0,0.6059063136456212,0.0,27.10015320777893,0.0,0.028967618942260742,0.0,0.5,9,5,100,"{'model__learning_rate': 0.5, 'model__max_depth': 9, 'model__min_child_weight': 5, 'model__min_split_loss': 100}",0.3597122302158274,0.6059063136456212
102,0.35836177474402736,0.0,0.7537688442211056,0.0,16.42458939552307,0.0,0.04188394546508789,0.0,0.1,9,1,10,"{'model__learning_rate': 0.1, 'model__max_depth': 9, 'model__min_child_weight': 1, 'model__min_split_loss': 10}",0.35836177474402736,0.7537688442211056
103,0.3583061889250814,0.0,0.7334963325183373,0.0,13.262556791305542,0.0,0.031914472579956055,0.0,0.1,6,5,10,"{'model__learning_rate': 0.1, 'model__max_depth': 6, 'model__min_child_weight': 5, 'model__min_split_loss': 10}",0.3583061889250814,0.7334963325183373
103,0.3583061889250814,0.0,0.7285974499089254,0.0,15.729220867156982,0.0,0.026947975158691406,0.0,0.3,6,10,10,"{'model__learning_rate': 0.3, 'model__max_depth': 6, 'model__min_child_weight': 10, 'model__min_split_loss': 10}",0.3583061889250814,0.7285974499089254
105,0.35816618911174786,0.0,0.6762874929258631,0.0,29.528149604797363,0.0,0.06903624534606934,0.0,0.5,9,10,50,"{'model__learning_rate': 0.5, 'model__max_depth': 9, 'model__min_child_weight': 10, 'model__min_split_loss': 50}",0.35816618911174786,0.6762874929258631
106,0.35805626598465473,0.0,0.6353887399463807,0.0,19.991515636444092,0.0,0.04448413848876953,0.0,0.8,6,1,100,"{'model__learning_rate': 0.8, 'model__max_depth': 6, 'model__min_child_weight': 1, 'model__min_split_loss': 100}",0.35805626598465473,0.6353887399463807
107,0.35802469135802467,0.0,0.6076923076923076,0.0,9.994332075119019,0.0,0.058490753173828125,0.0,0.8,3,5,50,"{'model__learning_rate': 0.8, 'model__max_depth': 3, 'model__min_child_weight': 5, 'model__min_split_loss': 50}",0.35802469135802467,0.6076923076923076
108,0.3571428571428572,0.0,0.7384615384615384,0.0,18.406094789505005,0.0,0.0399019718170166,0.0,0.1,9,5,10,"{'model__learning_rate': 0.1, 'model__max_depth': 9, 'model__min_child_weight': 5, 'model__min_split_loss': 10}",0.3571428571428572,0.7384615384615384
109,0.35714285714285715,0.0,0.5773955773955775,0.0,12.109129667282104,0.0,0.05285930633544922,0.0,0.1,6,1,100,"{'model__learning_rate': 0.1, 'model__max_depth': 6, 'model__min_child_weight': 1, 'model__min_split_loss': 100}",0.35714285714285715,0.5773955773955775
109,0.35714285714285715,0.0,0.5773955773955775,0.0,11.947099924087524,0.0,0.028922557830810547,0.0,0.1,6,5,100,"{'model__learning_rate': 0.1, 'model__max_depth': 6, 'model__min_child_weight': 5, 'model__min_split_loss': 100}",0.35714285714285715,0.5773955773955775
111,0.3571428571428571,0.0,0.6596452328159644,0.0,7.030195951461792,0.0,0.029920339584350586,0.0,0.1,3,1,0,"{'model__learning_rate': 0.1, 'model__max_depth': 3, 'model__min_child_weight': 1, 'model__min_split_loss': 0}",0.3571428571428571,0.6596452328159644
112,0.3559870550161812,0.0,0.729483282674772,0.0,13.661513566970825,0.0,0.06383013725280762,0.0,0.1,6,10,0,"{'model__learning_rate': 0.1, 'model__max_depth': 6, 'model__min_child_weight': 10, 'model__min_split_loss': 0}",0.3559870550161812,0.729483282674772
113,0.3558052434456929,0.0,0.7941760423560554,0.0,32.59853911399841,0.0,0.03306698799133301,0.0,0.8,9,5,10,"{'model__learning_rate': 0.8, 'model__max_depth': 9, 'model__min_child_weight': 5, 'model__min_split_loss': 10}",0.3558052434456929,0.7941760423560554
114,0.35460992907801414,0.0,0.7741935483870968,0.0,20.493871688842773,0.0,0.04391646385192871,0.0,0.8,6,5,10,"{'model__learning_rate': 0.8, 'model__max_depth': 6, 'model__min_child_weight': 5, 'model__min_split_loss': 10}",0.35460992907801414,0.7741935483870968
115,0.3530751708428246,0.0,0.5670611439842209,0.0,13.619571924209595,0.0,0.03390932083129883,0.0,0.01,6,10,100,"{'model__learning_rate': 0.01, 'model__max_depth': 6, 'model__min_child_weight': 10, 'model__min_split_loss': 100}",0.3530751708428246,0.5670611439842209
116,0.3529411764705882,0.0,0.5860349127182044,0.0,15.830349922180176,0.0,0.040032386779785156,0.0,0.3,6,1,100,"{'model__learning_rate': 0.3, 'model__max_depth': 6, 'model__min_child_weight': 1, 'model__min_split_loss': 100}",0.3529411764705882,0.5860349127182044
116,0.3529411764705882,0.0,0.5860349127182044,0.0,18.044102907180786,0.0,0.08504676818847656,0.0,0.3,6,5,100,"{'model__learning_rate': 0.3, 'model__max_depth': 6, 'model__min_child_weight': 5, 'model__min_split_loss': 100}",0.3529411764705882,0.5860349127182044
116,0.3529411764705882,0.0,0.601617795753286,0.0,8.551864624023438,0.0,0.030019044876098633,0.0,0.5,3,10,50,"{'model__learning_rate': 0.5, 'model__max_depth': 3, 'model__min_child_weight': 10, 'model__min_split_loss': 50}",0.3529411764705882,0.601617795753286
119,0.35227272727272724,0.0,0.5659448818897638,0.0,14.793431997299194,0.0,0.03490614891052246,0.0,0.01,6,1,100,"{'model__learning_rate': 0.01, 'model__max_depth': 6, 'model__min_child_weight': 1, 'model__min_split_loss': 100}",0.35227272727272724,0.5659448818897638
119,0.35227272727272724,0.0,0.5659448818897638,0.0,11.124247074127197,0.0,0.03091716766357422,0.0,0.01,6,5,100,"{'model__learning_rate': 0.01, 'model__max_depth': 6, 'model__min_child_weight': 5, 'model__min_split_loss': 100}",0.35227272727272724,0.5659448818897638
121,0.3508771929824562,0.0,0.6223849372384938,0.0,21.291052103042603,0.0,0.06482672691345215,0.0,0.01,9,10,0,"{'model__learning_rate': 0.01, 'model__max_depth': 9, 'model__min_child_weight': 10, 'model__min_split_loss': 0}",0.3508771929824562,0.6223849372384938
121,0.3508771929824562,0.0,0.6920415224913495,0.0,16.577653884887695,0.0,0.025997400283813477,0.0,0.8,6,1,50,"{'model__learning_rate': 0.8, 'model__max_depth': 6, 'model__min_child_weight': 1, 'model__min_split_loss': 50}",0.3508771929824562,0.6920415224913495
123,0.34974093264248707,0.0,0.6165494862087614,0.0,17.717609643936157,0.0,0.05086493492126465,0.0,0.001,6,1,0,"{'model__learning_rate': 0.001, 'model__max_depth': 6, 'model__min_child_weight': 1, 'model__min_split_loss': 0}",0.34974093264248707,0.6165494862087614
123,0.34974093264248707,0.0,0.6165494862087614,0.0,13.013194561004639,0.0,0.050864219665527344,0.0,0.001,6,1,10,"{'model__learning_rate': 0.001, 'model__max_depth': 6, 'model__min_child_weight': 1, 'model__min_split_loss': 10}",0.34974093264248707,0.6165494862087614
123,0.34974093264248707,0.0,0.6165494862087614,0.0,11.504229545593262,0.0,0.029920101165771484,0.0,0.001,6,1,50,"{'model__learning_rate': 0.001, 'model__max_depth': 6, 'model__min_child_weight': 1, 'model__min_split_loss': 50}",0.34974093264248707,0.6165494862087614
123,0.34974093264248707,0.0,0.6165494862087614,0.0,11.593989133834839,0.0,0.026927709579467773,0.0,0.001,6,5,0,"{'model__learning_rate': 0.001, 'model__max_depth': 6, 'model__min_child_weight': 5, 'model__min_split_loss': 0}",0.34974093264248707,0.6165494862087614
123,0.34974093264248707,0.0,0.6165494862087614,0.0,17.181048154830933,0.0,0.03291201591491699,0.0,0.001,6,5,10,"{'model__learning_rate': 0.001, 'model__max_depth': 6, 'model__min_child_weight': 5, 'model__min_split_loss': 10}",0.34974093264248707,0.6165494862087614
123,0.34974093264248707,0.0,0.6165494862087614,0.0,12.106615781784058,0.0,0.02892303466796875,0.0,0.001,6,5,50,"{'model__learning_rate': 0.001, 'model__max_depth': 6, 'model__min_child_weight': 5, 'model__min_split_loss': 50}",0.34974093264248707,0.6165494862087614
129,0.34912718204488774,0.0,0.6129368805425143,0.0,18.817668437957764,0.0,0.05086684226989746,0.0,0.01,9,10,50,"{'model__learning_rate': 0.01, 'model__max_depth': 9, 'model__min_child_weight': 10, 'model__min_split_loss': 50}",0.34912718204488774,0.6129368805425143
130,0.3488372093023256,0.0,0.6809116809116809,0.0,20.08672261238098,0.0,0.027015209197998047,0.0,0.3,9,1,50,"{'model__learning_rate': 0.3, 'model__max_depth': 9, 'model__min_child_weight': 1, 'model__min_split_loss': 50}",0.3488372093023256,0.6809116809116809
131,0.34852546916890087,0.0,0.6466703357182169,0.0,18.27312421798706,0.0,0.03490638732910156,0.0,0.01,9,1,50,"{'model__learning_rate': 0.01, 'model__max_depth': 9, 'model__min_child_weight': 1, 'model__min_split_loss': 50}",0.34852546916890087,0.6466703357182169
132,0.34843205574912894,0.0,0.7782101167315174,0.0,25.73640537261963,0.0,0.33822178840637207,0.0,0.8,9,10,10,"{'model__learning_rate': 0.8, 'model__max_depth': 9, 'model__min_child_weight': 10, 'model__min_split_loss': 10}",0.34843205574912894,0.7782101167315174
133,0.345821325648415,0.0,0.6685393258426967,0.0,24.951812505722046,0.0,0.040981292724609375,0.0,0.5,9,5,50,"{'model__learning_rate': 0.5, 'model__max_depth': 9, 'model__min_child_weight': 5, 'model__min_split_loss': 50}",0.345821325648415,0.6685393258426967
134,0.34523809523809523,0.0,0.5846153846153846,0.0,17.86421799659729,0.0,0.04188871383666992,0.0,0.001,6,1,100,"{'model__learning_rate': 0.001, 'model__max_depth': 6, 'model__min_child_weight': 1, 'model__min_split_loss': 100}",0.34523809523809523,0.5846153846153846
134,0.34523809523809523,0.0,0.5846153846153846,0.0,12.535470724105835,0.0,0.029922008514404297,0.0,0.001,6,5,100,"{'model__learning_rate': 0.001, 'model__max_depth': 6, 'model__min_child_weight': 5, 'model__min_split_loss': 100}",0.34523809523809523,0.5846153846153846
134,0.34523809523809523,0.0,0.5846153846153846,0.0,15.013842582702637,0.0,0.03789925575256348,0.0,0.001,6,10,100,"{'model__learning_rate': 0.001, 'model__max_depth': 6, 'model__min_child_weight': 10, 'model__min_split_loss': 100}",0.34523809523809523,0.5846153846153846
134,0.34523809523809523,0.0,0.5846153846153846,0.0,19.455961227416992,0.0,0.04488182067871094,0.0,0.001,9,1,100,"{'model__learning_rate': 0.001, 'model__max_depth': 9, 'model__min_child_weight': 1, 'model__min_split_loss': 100}",0.34523809523809523,0.5846153846153846
134,0.34523809523809523,0.0,0.5846153846153846,0.0,20.146116495132446,0.0,0.04089021682739258,0.0,0.001,9,5,100,"{'model__learning_rate': 0.001, 'model__max_depth': 9, 'model__min_child_weight': 5, 'model__min_split_loss': 100}",0.34523809523809523,0.5846153846153846
139,0.3441295546558704,0.0,0.8230452674897119,0.0,31.364970684051514,0.0,0.04303693771362305,0.0,0.8,9,1,10,"{'model__learning_rate': 0.8, 'model__max_depth': 9, 'model__min_child_weight': 1, 'model__min_split_loss': 10}",0.3441295546558704,0.8230452674897119
140,0.34334763948497854,0.0,0.5479127134724857,0.0,12.084198474884033,0.0,0.04687833786010742,0.0,0.1,6,1,200,"{'model__learning_rate': 0.1, 'model__max_depth': 6, 'model__min_child_weight': 1, 'model__min_split_loss': 200}",0.34334763948497854,0.5479127134724857
140,0.34334763948497854,0.0,0.5479127134724857,0.0,12.877609968185425,0.0,0.024933815002441406,0.0,0.1,6,5,200,"{'model__learning_rate': 0.1, 'model__max_depth': 6, 'model__min_child_weight': 5, 'model__min_split_loss': 200}",0.34334763948497854,0.5479127134724857
140,0.34334763948497854,0.0,0.5479127134724857,0.0,11.576060056686401,0.0,0.023936033248901367,0.0,0.1,6,10,200,"{'model__learning_rate': 0.1, 'model__max_depth': 6, 'model__min_child_weight': 10, 'model__min_split_loss': 200}",0.34334763948497854,0.5479127134724857
143,0.34292035398230086,0.0,0.5576649264356907,0.0,9.846216440200806,0.0,0.04539036750793457,0.0,0.5,3,10,100,"{'model__learning_rate': 0.5, 'model__max_depth': 3, 'model__min_child_weight': 10, 'model__min_split_loss': 100}",0.34292035398230086,0.5576649264356907
144,0.3426124197002141,0.0,0.5450684285040113,0.0,16.379191160202026,0.0,0.02892160415649414,0.0,0.01,9,1,200,"{'model__learning_rate': 0.01, 'model__max_depth': 9, 'model__min_child_weight': 1, 'model__min_split_loss': 200}",0.3426124197002141,0.5450684285040113
144,0.3426124197002141,0.0,0.5450684285040113,0.0,19.795053243637085,0.0,0.049866676330566406,0.0,0.01,9,5,200,"{'model__learning_rate': 0.01, 'model__max_depth': 9, 'model__min_child_weight': 5, 'model__min_split_loss': 200}",0.3426124197002141,0.5450684285040113
144,0.3426124197002141,0.0,0.5450684285040113,0.0,17.568010807037354,0.0,0.04089069366455078,0.0,0.01,9,10,200,"{'model__learning_rate': 0.01, 'model__max_depth': 9, 'model__min_child_weight': 10, 'model__min_split_loss': 200}",0.3426124197002141,0.5450684285040113
147,0.34229828850855737,0.0,0.6156233833419554,0.0,18.136491060256958,0.0,0.03490638732910156,0.0,0.01,9,10,10,"{'model__learning_rate': 0.01, 'model__max_depth': 9, 'model__min_child_weight': 10, 'model__min_split_loss': 10}",0.34229828850855737,0.6156233833419554
148,0.3415300546448088,0.0,0.6657381615598885,0.0,19.71896982192993,0.0,0.054967641830444336,0.0,0.8,6,5,50,"{'model__learning_rate': 0.8, 'model__max_depth': 6, 'model__min_child_weight': 5, 'model__min_split_loss': 50}",0.3415300546448088,0.6657381615598885
149,0.34120734908136474,0.0,0.6347920043219881,0.0,18.464611530303955,0.0,0.03490924835205078,0.0,0.01,9,5,50,"{'model__learning_rate': 0.01, 'model__max_depth': 9, 'model__min_child_weight': 5, 'model__min_split_loss': 50}",0.34120734908136474,0.6347920043219881
150,0.33875338753387535,0.0,0.6560088202866594,0.0,25.81599235534668,0.0,0.032912492752075195,0.0,0.8,9,10,50,"{'model__learning_rate': 0.8, 'model__max_depth': 9, 'model__min_child_weight': 10, 'model__min_split_loss': 50}",0.33875338753387535,0.6560088202866594
151,0.33854166666666663,0.0,0.640194489465154,0.0,7.749270915985107,0.0,0.029920101165771484,0.0,0.1,3,5,0,"{'model__learning_rate': 0.1, 'model__max_depth': 3, 'model__min_child_weight': 5, 'model__min_split_loss': 0}",0.33854166666666663,0.640194489465154
152,0.3384279475982533,0.0,0.5534620819594913,0.0,9.587096691131592,0.0,0.036997079849243164,0.0,0.5,3,1,100,"{'model__learning_rate': 0.5, 'model__max_depth': 3, 'model__min_child_weight': 1, 'model__min_split_loss': 100}",0.3384279475982533,0.5534620819594913
152,0.3384279475982533,0.0,0.5534620819594913,0.0,10.22752571105957,0.0,0.0279843807220459,0.0,0.5,3,5,100,"{'model__learning_rate': 0.5, 'model__max_depth': 3, 'model__min_child_weight': 5, 'model__min_split_loss': 100}",0.3384279475982533,0.5534620819594913
154,0.33730158730158727,0.0,0.814111261872456,0.0,23.789929389953613,0.0,0.10999202728271484,0.0,0.1,9,5,0,"{'model__learning_rate': 0.1, 'model__max_depth': 9, 'model__min_child_weight': 5, 'model__min_split_loss': 0}",0.33730158730158727,0.814111261872456
155,0.3369272237196766,0.0,0.652770159078442,0.0,20.655752182006836,0.0,0.04787278175354004,0.0,0.01,9,5,10,"{'model__learning_rate': 0.01, 'model__max_depth': 9, 'model__min_child_weight': 5, 'model__min_split_loss': 10}",0.3369272237196766,0.652770159078442
156,0.3342245989304813,0.0,0.651697699890471,0.0,19.270456552505493,0.0,0.03590536117553711,0.0,0.01,9,5,0,"{'model__learning_rate': 0.01, 'model__max_depth': 9, 'model__min_child_weight': 5, 'model__min_split_loss': 0}",0.3342245989304813,0.651697699890471
157,0.33264033264033266,0.0,0.5427251732101617,0.0,27.623147010803223,0.0,0.03197169303894043,0.0,0.5,9,1,200,"{'model__learning_rate': 0.5, 'model__max_depth': 9, 'model__min_child_weight': 1, 'model__min_split_loss': 200}",0.33264033264033266,0.5427251732101617
157,0.33264033264033266,0.0,0.5427251732101617,0.0,26.887490034103394,0.0,0.025019168853759766,0.0,0.5,9,5,200,"{'model__learning_rate': 0.5, 'model__max_depth': 9, 'model__min_child_weight': 5, 'model__min_split_loss': 200}",0.33264033264033266,0.5427251732101617
157,0.33264033264033266,0.0,0.5427251732101617,0.0,27.346130847930908,0.0,0.05604290962219238,0.0,0.5,9,10,200,"{'model__learning_rate': 0.5, 'model__max_depth': 9, 'model__min_child_weight': 10, 'model__min_split_loss': 200}",0.33264033264033266,0.5427251732101617
160,0.33256880733944955,0.0,0.5850540806293019,0.0,10.360501050949097,0.0,0.03191542625427246,0.0,0.3,3,1,50,"{'model__learning_rate': 0.3, 'model__max_depth': 3, 'model__min_child_weight': 1, 'model__min_split_loss': 50}",0.33256880733944955,0.5850540806293019
161,0.33190578158458245,0.0,0.5555555555555556,0.0,15.06569790840149,0.0,0.0260162353515625,0.0,0.5,6,10,100,"{'model__learning_rate': 0.5, 'model__max_depth': 6, 'model__min_child_weight': 10, 'model__min_split_loss': 100}",0.33190578158458245,0.5555555555555556
162,0.3312302839116719,0.0,0.7053941908713692,0.0,20.23986315727234,0.0,0.03590536117553711,0.0,0.01,9,1,0,"{'model__learning_rate': 0.01, 'model__max_depth': 9, 'model__min_child_weight': 1, 'model__min_split_loss': 0}",0.3312302839116719,0.7053941908713692
163,0.3305785123966942,0.0,0.8426966292134831,0.0,19.92779564857483,0.0,0.08396196365356445,0.0,0.3,6,5,0,"{'model__learning_rate': 0.3, 'model__max_depth': 6, 'model__min_child_weight': 5, 'model__min_split_loss': 0}",0.3305785123966942,0.8426966292134831
163,0.3305785123966942,0.0,0.8344923504867872,0.0,24.573152780532837,0.0,0.0810236930847168,0.0,0.3,9,10,0,"{'model__learning_rate': 0.3, 'model__max_depth': 9, 'model__min_child_weight': 10, 'model__min_split_loss': 0}",0.3305785123966942,0.8344923504867872
165,0.3302961275626423,0.0,0.582761998041136,0.0,10.83116364479065,0.0,0.05585122108459473,0.0,0.3,3,5,50,"{'model__learning_rate': 0.3, 'model__max_depth': 3, 'model__min_child_weight': 5, 'model__min_split_loss': 50}",0.3302961275626423,0.582761998041136
166,0.32989690721649484,0.0,0.5320128972823583,0.0,11.39053463935852,0.0,0.031914472579956055,0.0,0.001,6,1,200,"{'model__learning_rate': 0.001, 'model__max_depth': 6, 'model__min_child_weight': 1, 'model__min_split_loss': 200}",0.32989690721649484,0.5320128972823583
166,0.32989690721649484,0.0,0.5320128972823583,0.0,11.936074495315552,0.0,0.02593064308166504,0.0,0.001,6,5,200,"{'model__learning_rate': 0.001, 'model__max_depth': 6, 'model__min_child_weight': 5, 'model__min_split_loss': 200}",0.32989690721649484,0.5320128972823583
166,0.32989690721649484,0.0,0.5320128972823583,0.0,15.709980726242065,0.0,0.04089212417602539,0.0,0.001,6,10,200,"{'model__learning_rate': 0.001, 'model__max_depth': 6, 'model__min_child_weight': 10, 'model__min_split_loss': 200}",0.32989690721649484,0.5320128972823583
166,0.32989690721649484,0.0,0.5320128972823583,0.0,20.059348821640015,0.0,0.05286145210266113,0.0,0.001,9,1,200,"{'model__learning_rate': 0.001, 'model__max_depth': 9, 'model__min_child_weight': 1, 'model__min_split_loss': 200}",0.32989690721649484,0.5320128972823583
166,0.32989690721649484,0.0,0.5320128972823583,0.0,16.225599765777588,0.0,0.030919551849365234,0.0,0.001,9,5,200,"{'model__learning_rate': 0.001, 'model__max_depth': 9, 'model__min_child_weight': 5, 'model__min_split_loss': 200}",0.32989690721649484,0.5320128972823583
166,0.32989690721649484,0.0,0.5320128972823583,0.0,22.728209018707275,0.0,0.0578460693359375,0.0,0.001,9,10,200,"{'model__learning_rate': 0.001, 'model__max_depth': 9, 'model__min_child_weight': 10, 'model__min_split_loss': 200}",0.32989690721649484,0.5320128972823583
166,0.32989690721649484,0.0,0.5320128972823583,0.0,11.348644733428955,0.0,0.03390932083129883,0.0,0.01,6,1,200,"{'model__learning_rate': 0.01, 'model__max_depth': 6, 'model__min_child_weight': 1, 'model__min_split_loss': 200}",0.32989690721649484,0.5320128972823583
166,0.32989690721649484,0.0,0.5320128972823583,0.0,11.149178981781006,0.0,0.028925180435180664,0.0,0.01,6,5,200,"{'model__learning_rate': 0.01, 'model__max_depth': 6, 'model__min_child_weight': 5, 'model__min_split_loss': 200}",0.32989690721649484,0.5320128972823583
166,0.32989690721649484,0.0,0.5320128972823583,0.0,14.666769027709961,0.0,0.03690218925476074,0.0,0.01,6,10,200,"{'model__learning_rate': 0.01, 'model__max_depth': 6, 'model__min_child_weight': 10, 'model__min_split_loss': 200}",0.32989690721649484,0.5320128972823583
175,0.32967032967032966,0.0,0.7822685788787485,0.0,23.237936973571777,0.0,0.05197548866271973,0.0,0.5,9,1,10,"{'model__learning_rate': 0.5, 'model__max_depth': 9, 'model__min_child_weight': 1, 'model__min_split_loss': 10}",0.32967032967032966,0.7822685788787485
176,0.32608695652173914,0.0,0.8695652173913042,0.0,16.69101572036743,0.0,0.06395673751831055,0.0,0.5,6,5,0,"{'model__learning_rate': 0.5, 'model__max_depth': 6, 'model__min_child_weight': 5, 'model__min_split_loss': 0}",0.32608695652173914,0.8695652173913042
177,0.3255208333333333,0.0,0.6313265849760257,0.0,15.894487380981445,0.0,0.0359044075012207,0.0,0.001,9,5,0,"{'model__learning_rate': 0.001, 'model__max_depth': 9, 'model__min_child_weight': 5, 'model__min_split_loss': 0}",0.3255208333333333,0.6313265849760257
177,0.3255208333333333,0.0,0.6313265849760257,0.0,21.387794733047485,0.0,0.07480025291442871,0.0,0.001,9,5,10,"{'model__learning_rate': 0.001, 'model__max_depth': 9, 'model__min_child_weight': 5, 'model__min_split_loss': 10}",0.3255208333333333,0.6313265849760257
179,0.32499999999999996,0.0,0.618798955613577,0.0,15.982253551483154,0.0,0.04587697982788086,0.0,0.001,9,1,50,"{'model__learning_rate': 0.001, 'model__max_depth': 9, 'model__min_child_weight': 1, 'model__min_split_loss': 50}",0.32499999999999996,0.618798955613577
180,0.3237410071942446,0.0,0.5995934959349594,0.0,31.887381315231323,0.0,0.07800912857055664,0.0,0.8,9,1,100,"{'model__learning_rate': 0.8, 'model__max_depth': 9, 'model__min_child_weight': 1, 'model__min_split_loss': 100}",0.3237410071942446,0.5995934959349594
180,0.3237410071942446,0.0,0.5995934959349594,0.0,29.083133935928345,0.0,0.0250091552734375,0.0,0.8,9,5,100,"{'model__learning_rate': 0.8, 'model__max_depth': 9, 'model__min_child_weight': 5, 'model__min_split_loss': 100}",0.3237410071942446,0.5995934959349594
182,0.32122905027932963,0.0,0.6713483146067416,0.0,27.133046865463257,0.0,0.02700638771057129,0.0,0.8,9,5,50,"{'model__learning_rate': 0.8, 'model__max_depth': 9, 'model__min_child_weight': 5, 'model__min_split_loss': 50}",0.32122905027932963,0.6713483146067416
183,0.3193832599118942,0.0,0.5659472422062352,0.0,11.53960108757019,0.0,0.04700136184692383,0.0,0.3,3,10,50,"{'model__learning_rate': 0.3, 'model__max_depth': 3, 'model__min_child_weight': 10, 'model__min_split_loss': 50}",0.3193832599118942,0.5659472422062352
184,0.3193612774451097,0.0,0.5238519839500669,0.0,19.421940088272095,0.0,0.04799509048461914,0.0,0.3,6,1,200,"{'model__learning_rate': 0.3, 'model__max_depth': 6, 'model__min_child_weight': 1, 'model__min_split_loss': 200}",0.3193612774451097,0.5238519839500669
184,0.3193612774451097,0.0,0.5238519839500669,0.0,13.853517532348633,0.0,0.06499600410461426,0.0,0.3,6,5,200,"{'model__learning_rate': 0.3, 'model__max_depth': 6, 'model__min_child_weight': 5, 'model__min_split_loss': 200}",0.3193612774451097,0.5238519839500669
184,0.3193612774451097,0.0,0.5238519839500669,0.0,14.994999885559082,0.0,0.028535842895507812,0.0,0.3,6,10,200,"{'model__learning_rate': 0.3, 'model__max_depth': 6, 'model__min_child_weight': 10, 'model__min_split_loss': 200}",0.3193612774451097,0.5238519839500669
187,0.31893004115226337,0.0,0.5370201096892139,0.0,7.903859853744507,0.0,0.08377695083618164,0.0,0.1,3,1,100,"{'model__learning_rate': 0.1, 'model__max_depth': 3, 'model__min_child_weight': 1, 'model__min_split_loss': 100}",0.31893004115226337,0.5370201096892139
187,0.31893004115226337,0.0,0.5370201096892139,0.0,7.283519506454468,0.0,0.03490614891052246,0.0,0.1,3,5,100,"{'model__learning_rate': 0.1, 'model__max_depth': 3, 'model__min_child_weight': 5, 'model__min_split_loss': 100}",0.31893004115226337,0.5370201096892139
189,0.3168316831683169,0.0,0.5288028802880288,0.0,15.701931953430176,0.0,0.0359959602355957,0.0,0.5,6,1,200,"{'model__learning_rate': 0.5, 'model__max_depth': 6, 'model__min_child_weight': 1, 'model__min_split_loss': 200}",0.3168316831683169,0.5288028802880288
189,0.3168316831683169,0.0,0.5288028802880288,0.0,17.380722045898438,0.0,0.033907413482666016,0.0,0.5,6,5,200,"{'model__learning_rate': 0.5, 'model__max_depth': 6, 'model__min_child_weight': 5, 'model__min_split_loss': 200}",0.3168316831683169,0.5288028802880288
189,0.3168316831683169,0.0,0.5288028802880288,0.0,14.79977011680603,0.0,0.036034584045410156,0.0,0.5,6,10,200,"{'model__learning_rate': 0.5, 'model__max_depth': 6, 'model__min_child_weight': 10, 'model__min_split_loss': 200}",0.3168316831683169,0.5288028802880288
192,0.3167420814479638,0.0,0.5817378497790869,0.0,18.51447868347168,0.0,0.038896799087524414,0.0,0.001,9,10,0,"{'model__learning_rate': 0.001, 'model__max_depth': 9, 'model__min_child_weight': 10, 'model__min_split_loss': 0}",0.3167420814479638,0.5817378497790869
192,0.3167420814479638,0.0,0.5817378497790869,0.0,22.243504524230957,0.0,0.05884718894958496,0.0,0.001,9,10,10,"{'model__learning_rate': 0.001, 'model__max_depth': 9, 'model__min_child_weight': 10, 'model__min_split_loss': 10}",0.3167420814479638,0.5817378497790869
192,0.3167420814479638,0.0,0.5817378497790869,0.0,23.00347352027893,0.0,0.05186009407043457,0.0,0.001,9,10,50,"{'model__learning_rate': 0.001, 'model__max_depth': 9, 'model__min_child_weight': 10, 'model__min_split_loss': 50}",0.3167420814479638,0.5817378497790869
195,0.31531531531531537,0.0,0.6779176201372998,0.0,16.02912664413452,0.0,0.03789806365966797,0.0,0.001,9,1,0,"{'model__learning_rate': 0.001, 'model__max_depth': 9, 'model__min_child_weight': 1, 'model__min_split_loss': 0}",0.31531531531531537,0.6779176201372998
196,0.3144016227180527,0.0,0.531478102189781,0.0,35.45168447494507,0.0,0.06587600708007812,0.0,0.8,9,1,200,"{'model__learning_rate': 0.8, 'model__max_depth': 9, 'model__min_child_weight': 1, 'model__min_split_loss': 200}",0.3144016227180527,0.531478102189781
196,0.3144016227180527,0.0,0.531478102189781,0.0,28.653953075408936,0.0,0.03599286079406738,0.0,0.8,9,5,200,"{'model__learning_rate': 0.8, 'model__max_depth': 9, 'model__min_child_weight': 5, 'model__min_split_loss': 200}",0.3144016227180527,0.531478102189781
196,0.3144016227180527,0.0,0.531478102189781,0.0,23.600133895874023,0.0,0.018950223922729492,0.0,0.8,9,10,200,"{'model__learning_rate': 0.8, 'model__max_depth': 9, 'model__min_child_weight': 10, 'model__min_split_loss': 200}",0.3144016227180527,0.531478102189781
199,0.31111111111111106,0.0,0.8714596949891067,0.0,13.933926105499268,0.0,0.050863027572631836,0.0,0.3,6,1,0,"{'model__learning_rate': 0.3, 'model__max_depth': 6, 'model__min_child_weight': 1, 'model__min_split_loss': 0}",0.31111111111111106,0.8714596949891067
200,0.31065088757396453,0.0,0.6694915254237288,0.0,16.076001405715942,0.0,0.039891719818115234,0.0,0.001,9,1,10,"{'model__learning_rate': 0.001, 'model__max_depth': 9, 'model__min_child_weight': 1, 'model__min_split_loss': 10}",0.31065088757396453,0.6694915254237288
201,0.3082851637764932,0.0,0.5151249451994739,0.0,18.55465078353882,0.0,0.04045557975769043,0.0,0.1,9,1,200,"{'model__learning_rate': 0.1, 'model__max_depth': 9, 'model__min_child_weight': 1, 'model__min_split_loss': 200}",0.3082851637764932,0.5151249451994739
201,0.3082851637764932,0.0,0.5151249451994739,0.0,24.887452363967896,0.0,0.08030271530151367,0.0,0.1,9,5,200,"{'model__learning_rate': 0.1, 'model__max_depth': 9, 'model__min_child_weight': 5, 'model__min_split_loss': 200}",0.3082851637764932,0.5151249451994739
201,0.3082851637764932,0.0,0.5151249451994739,0.0,23.525775909423828,0.0,0.03506302833557129,0.0,0.1,9,10,200,"{'model__learning_rate': 0.1, 'model__max_depth': 9, 'model__min_child_weight': 10, 'model__min_split_loss': 200}",0.3082851637764932,0.5151249451994739
204,0.30805687203791465,0.0,0.6012176560121766,0.0,18.090611934661865,0.0,0.034906864166259766,0.0,0.001,9,5,50,"{'model__learning_rate': 0.001, 'model__max_depth': 9, 'model__min_child_weight': 5, 'model__min_split_loss': 50}",0.30805687203791465,0.6012176560121766
205,0.303921568627451,0.0,0.5251346499102334,0.0,20.70824956893921,0.0,0.032022714614868164,0.0,0.3,9,1,200,"{'model__learning_rate': 0.3, 'model__max_depth': 9, 'model__min_child_weight': 1, 'model__min_split_loss': 200}",0.303921568627451,0.5251346499102334
205,0.303921568627451,0.0,0.5251346499102334,0.0,24.126497745513916,0.0,0.029994726181030273,0.0,0.3,9,5,200,"{'model__learning_rate': 0.3, 'model__max_depth': 9, 'model__min_child_weight': 5, 'model__min_split_loss': 200}",0.303921568627451,0.5251346499102334
205,0.303921568627451,0.0,0.5251346499102334,0.0,22.1888484954834,0.0,0.02792644500732422,0.0,0.3,9,10,200,"{'model__learning_rate': 0.3, 'model__max_depth': 9, 'model__min_child_weight': 10, 'model__min_split_loss': 200}",0.303921568627451,0.5251346499102334
208,0.30172413793103453,0.0,0.8589835361488904,0.0,20.05992555618286,0.0,0.052047014236450195,0.0,0.8,6,10,0,"{'model__learning_rate': 0.8, 'model__max_depth': 6, 'model__min_child_weight': 10, 'model__min_split_loss': 0}",0.30172413793103453,0.8589835361488904
209,0.30066815144766146,0.0,0.5718404613166748,0.0,25.619611978530884,0.0,0.025961637496948242,0.0,0.8,9,10,100,"{'model__learning_rate': 0.8, 'model__max_depth': 9, 'model__min_child_weight': 10, 'model__min_split_loss': 100}",0.30066815144766146,0.5718404613166748
210,0.2982107355864811,0.0,0.5309936189608022,0.0,21.29073977470398,0.0,0.03198552131652832,0.0,0.8,6,1,200,"{'model__learning_rate': 0.8, 'model__max_depth': 6, 'model__min_child_weight': 1, 'model__min_split_loss': 200}",0.2982107355864811,0.5309936189608022
210,0.2982107355864811,0.0,0.5309936189608022,0.0,19.813634157180786,0.0,0.022969722747802734,0.0,0.8,6,5,200,"{'model__learning_rate': 0.8, 'model__max_depth': 6, 'model__min_child_weight': 5, 'model__min_split_loss': 200}",0.2982107355864811,0.5309936189608022
210,0.2982107355864811,0.0,0.5309936189608022,0.0,15.79598593711853,0.0,0.05299949645996094,0.0,0.8,6,10,200,"{'model__learning_rate': 0.8, 'model__max_depth': 6, 'model__min_child_weight': 10, 'model__min_split_loss': 200}",0.2982107355864811,0.5309936189608022
213,0.2968460111317254,0.0,0.5025553662691652,0.0,11.75815725326538,0.0,0.041968584060668945,0.0,0.5,3,1,200,"{'model__learning_rate': 0.5, 'model__max_depth': 3, 'model__min_child_weight': 1, 'model__min_split_loss': 200}",0.2968460111317254,0.5025553662691652
213,0.2968460111317254,0.0,0.5025553662691652,0.0,9.016846656799316,0.0,0.027005672454833984,0.0,0.5,3,5,200,"{'model__learning_rate': 0.5, 'model__max_depth': 3, 'model__min_child_weight': 5, 'model__min_split_loss': 200}",0.2968460111317254,0.5025553662691652
213,0.2968460111317254,0.0,0.5025553662691652,0.0,9.01122236251831,0.0,0.02593064308166504,0.0,0.5,3,10,200,"{'model__learning_rate': 0.5, 'model__max_depth': 3, 'model__min_child_weight': 10, 'model__min_split_loss': 200}",0.2968460111317254,0.5025553662691652
216,0.29535864978902954,0.0,0.8589835361488904,0.0,20.29827380180359,0.0,0.06299853324890137,0.0,0.5,9,10,0,"{'model__learning_rate': 0.5, 'model__max_depth': 9, 'model__min_child_weight': 10, 'model__min_split_loss': 0}",0.29535864978902954,0.8589835361488904
217,0.2876106194690265,0.0,0.8714596949891067,0.0,25.76784610748291,0.0,0.08997511863708496,0.0,0.8,9,10,0,"{'model__learning_rate': 0.8, 'model__max_depth': 9, 'model__min_child_weight': 10, 'model__min_split_loss': 0}",0.2876106194690265,0.8714596949891067
218,0.28673835125448033,0.0,0.49521431543903455,0.0,13.223654508590698,0.0,0.02600693702697754,0.0,0.3,3,10,100,"{'model__learning_rate': 0.3, 'model__max_depth': 3, 'model__min_child_weight': 10, 'model__min_split_loss': 100}",0.28673835125448033,0.49521431543903455
219,0.28571428571428575,0.0,0.497907949790795,0.0,10.553041219711304,0.0,0.02692556381225586,0.0,0.3,3,1,100,"{'model__learning_rate': 0.3, 'model__max_depth': 3, 'model__min_child_weight': 1, 'model__min_split_loss': 100}",0.28571428571428575,0.497907949790795
219,0.28571428571428575,0.0,0.497907949790795,0.0,8.962555408477783,0.0,0.022974491119384766,0.0,0.3,3,5,100,"{'model__learning_rate': 0.3, 'model__max_depth': 3, 'model__min_child_weight': 5, 'model__min_split_loss': 100}",0.28571428571428575,0.497907949790795
221,0.2838427947598253,0.0,0.8759124087591241,0.0,19.7625093460083,0.0,0.08004450798034668,0.0,0.3,9,5,0,"{'model__learning_rate': 0.3, 'model__max_depth': 9, 'model__min_child_weight': 5, 'model__min_split_loss': 0}",0.2838427947598253,0.8759124087591241
222,0.2807017543859649,0.0,0.48785508439687114,0.0,9.038824319839478,0.0,0.05285763740539551,0.0,0.1,3,10,100,"{'model__learning_rate': 0.1, 'model__max_depth': 3, 'model__min_child_weight': 10, 'model__min_split_loss': 100}",0.2807017543859649,0.48785508439687114
223,0.27397260273972607,0.0,0.8602150537634409,0.0,18.676069498062134,0.0,0.05286002159118652,0.0,0.1,9,1,0,"{'model__learning_rate': 0.1, 'model__max_depth': 9, 'model__min_child_weight': 1, 'model__min_split_loss': 0}",0.27397260273972607,0.8602150537634409
224,0.2671118530884808,0.0,0.4668255860150973,0.0,12.008300304412842,0.0,0.0249330997467041,0.0,0.8,3,1,200,"{'model__learning_rate': 0.8, 'model__max_depth': 3, 'model__min_child_weight': 1, 'model__min_split_loss': 200}",0.2671118530884808,0.4668255860150973
224,0.2671118530884808,0.0,0.4668255860150973,0.0,11.950165510177612,0.0,0.023982524871826172,0.0,0.8,3,5,200,"{'model__learning_rate': 0.8, 'model__max_depth': 3, 'model__min_child_weight': 5, 'model__min_split_loss': 200}",0.2671118530884808,0.4668255860150973
224,0.2671118530884808,0.0,0.4668255860150973,0.0,10.003701448440552,0.0,0.035990238189697266,0.0,0.8,3,10,200,"{'model__learning_rate': 0.8, 'model__max_depth': 3, 'model__min_child_weight': 10, 'model__min_split_loss': 200}",0.2671118530884808,0.4668255860150973
227,0.2622950819672131,0.0,0.4661683713611329,0.0,8.791186094284058,0.0,0.07000184059143066,0.0,0.3,3,1,200,"{'model__learning_rate': 0.3, 'model__max_depth': 3, 'model__min_child_weight': 1, 'model__min_split_loss': 200}",0.2622950819672131,0.4661683713611329
227,0.2622950819672131,0.0,0.4661683713611329,0.0,10.14528226852417,0.0,0.043007612228393555,0.0,0.3,3,5,200,"{'model__learning_rate': 0.3, 'model__max_depth': 3, 'model__min_child_weight': 5, 'model__min_split_loss': 200}",0.2622950819672131,0.4661683713611329
227,0.2622950819672131,0.0,0.4661683713611329,0.0,12.561132431030273,0.0,0.024005413055419922,0.0,0.3,3,10,200,"{'model__learning_rate': 0.3, 'model__max_depth': 3, 'model__min_child_weight': 10, 'model__min_split_loss': 200}",0.2622950819672131,0.4661683713611329
230,0.25764895330112725,0.0,0.45965865011636936,0.0,7.815095663070679,0.0,0.023936986923217773,0.0,0.1,3,1,200,"{'model__learning_rate': 0.1, 'model__max_depth': 3, 'model__min_child_weight': 1, 'model__min_split_loss': 200}",0.25764895330112725,0.45965865011636936
230,0.25764895330112725,0.0,0.45965865011636936,0.0,6.950408458709717,0.0,0.024935007095336914,0.0,0.1,3,5,200,"{'model__learning_rate': 0.1, 'model__max_depth': 3, 'model__min_child_weight': 5, 'model__min_split_loss': 200}",0.25764895330112725,0.45965865011636936
230,0.25764895330112725,0.0,0.45965865011636936,0.0,6.7140421867370605,0.0,0.02692723274230957,0.0,0.1,3,10,200,"{'model__learning_rate': 0.1, 'model__max_depth': 3, 'model__min_child_weight': 10, 'model__min_split_loss': 200}",0.25764895330112725,0.45965865011636936
233,0.25700934579439255,0.0,0.8869179600886918,0.0,20.925943851470947,0.0,0.04798126220703125,0.0,0.8,6,5,0,"{'model__learning_rate': 0.8, 'model__max_depth': 6, 'model__min_child_weight': 5, 'model__min_split_loss': 0}",0.25700934579439255,0.8869179600886918
234,0.24390243902439024,0.0,0.9063444108761329,0.0,17.164029836654663,0.0,0.0860433578491211,0.0,0.5,6,1,0,"{'model__learning_rate': 0.5, 'model__max_depth': 6, 'model__min_child_weight': 1, 'model__min_split_loss': 0}",0.24390243902439024,0.9063444108761329
235,0.2358490566037736,0.0,0.8995502248875562,0.0,26.119659423828125,0.0,0.09301471710205078,0.0,0.5,9,5,0,"{'model__learning_rate': 0.5, 'model__max_depth': 9, 'model__min_child_weight': 5, 'model__min_split_loss': 0}",0.2358490566037736,0.8995502248875562
236,0.21428571428571427,0.0,0.9077155824508321,0.0,28.902186632156372,0.0,0.08994555473327637,0.0,0.8,9,5,0,"{'model__learning_rate': 0.8, 'model__max_depth': 9, 'model__min_child_weight': 5, 'model__min_split_loss': 0}",0.21428571428571427,0.9077155824508321
237,0.20304568527918782,0.0,0.9111617312072894,0.0,21.973890781402588,0.0,0.07779240608215332,0.0,0.3,9,1,0,"{'model__learning_rate': 0.3, 'model__max_depth': 9, 'model__min_child_weight': 1, 'model__min_split_loss': 0}",0.20304568527918782,0.9111617312072894
238,0.202020202020202,0.0,0.9146341463414633,0.0,17.81452751159668,0.0,0.06250166893005371,0.0,0.8,6,1,0,"{'model__learning_rate': 0.8, 'model__max_depth': 6, 'model__min_child_weight': 1, 'model__min_split_loss': 0}",0.202020202020202,0.9146341463414633
239,0.18324607329842932,0.0,0.9174311926605505,0.0,35.30891013145447,0.0,0.1614077091217041,0.0,0.8,9,1,0,"{'model__learning_rate': 0.8, 'model__max_depth': 9, 'model__min_child_weight': 1, 'model__min_split_loss': 0}",0.18324607329842932,0.9174311926605505
240,0.17948717948717946,0.0,0.9174311926605505,0.0,25.420103311538696,0.0,0.0998830795288086,0.0,0.5,9,1,0,"{'model__learning_rate': 0.5, 'model__max_depth': 9, 'model__min_child_weight': 1, 'model__min_split_loss': 0}",0.17948717948717946,0.9174311926605505
241,0.17708333333333337,0.0,0.3339882121807466,0.0,11.669786930084229,0.0,0.03390860557556152,0.0,0.01,3,1,0,"{'model__learning_rate': 0.01, 'model__max_depth': 3, 'model__min_child_weight': 1, 'model__min_split_loss': 0}",0.17708333333333337,0.3339882121807466
241,0.17708333333333337,0.0,0.3339882121807466,0.0,6.818760633468628,0.0,0.029920578002929688,0.0,0.01,3,1,10,"{'model__learning_rate': 0.01, 'model__max_depth': 3, 'model__min_child_weight': 1, 'model__min_split_loss': 10}",0.17708333333333337,0.3339882121807466
241,0.17708333333333337,0.0,0.3339882121807466,0.0,7.57972526550293,0.0,0.02593064308166504,0.0,0.01,3,1,50,"{'model__learning_rate': 0.01, 'model__max_depth': 3, 'model__min_child_weight': 1, 'model__min_split_loss': 50}",0.17708333333333337,0.3339882121807466
241,0.17708333333333337,0.0,0.3339882121807466,0.0,7.048147916793823,0.0,0.02692723274230957,0.0,0.01,3,1,100,"{'model__learning_rate': 0.01, 'model__max_depth': 3, 'model__min_child_weight': 1, 'model__min_split_loss': 100}",0.17708333333333337,0.3339882121807466
241,0.17708333333333337,0.0,0.3339882121807466,0.0,7.705390214920044,0.0,0.025929689407348633,0.0,0.01,3,5,0,"{'model__learning_rate': 0.01, 'model__max_depth': 3, 'model__min_child_weight': 5, 'model__min_split_loss': 0}",0.17708333333333337,0.3339882121807466
241,0.17708333333333337,0.0,0.3339882121807466,0.0,8.966018199920654,0.0,0.02493429183959961,0.0,0.01,3,5,10,"{'model__learning_rate': 0.01, 'model__max_depth': 3, 'model__min_child_weight': 5, 'model__min_split_loss': 10}",0.17708333333333337,0.3339882121807466
241,0.17708333333333337,0.0,0.3339882121807466,0.0,12.144516468048096,0.0,0.02593064308166504,0.0,0.01,3,5,50,"{'model__learning_rate': 0.01, 'model__max_depth': 3, 'model__min_child_weight': 5, 'model__min_split_loss': 50}",0.17708333333333337,0.3339882121807466
241,0.17708333333333337,0.0,0.3339882121807466,0.0,10.07106328010559,0.0,0.05585050582885742,0.0,0.01,3,5,100,"{'model__learning_rate': 0.01, 'model__max_depth': 3, 'model__min_child_weight': 5, 'model__min_split_loss': 100}",0.17708333333333337,0.3339882121807466
241,0.17708333333333337,0.0,0.3339882121807466,0.0,7.488970518112183,0.0,0.05086541175842285,0.0,0.01,3,10,0,"{'model__learning_rate': 0.01, 'model__max_depth': 3, 'model__min_child_weight': 10, 'model__min_split_loss': 0}",0.17708333333333337,0.3339882121807466
241,0.17708333333333337,0.0,0.3339882121807466,0.0,11.154165029525757,0.0,0.03690195083618164,0.0,0.01,3,10,10,"{'model__learning_rate': 0.01, 'model__max_depth': 3, 'model__min_child_weight': 10, 'model__min_split_loss': 10}",0.17708333333333337,0.3339882121807466
241,0.17708333333333337,0.0,0.3339882121807466,0.0,7.169823169708252,0.0,0.025931835174560547,0.0,0.01,3,10,50,"{'model__learning_rate': 0.01, 'model__max_depth': 3, 'model__min_child_weight': 10, 'model__min_split_loss': 50}",0.17708333333333337,0.3339882121807466
241,0.17708333333333337,0.0,0.3339882121807466,0.0,8.12227463722229,0.0,0.03391075134277344,0.0,0.01,3,10,100,"{'model__learning_rate': 0.01, 'model__max_depth': 3, 'model__min_child_weight': 10, 'model__min_split_loss': 100}",0.17708333333333337,0.3339882121807466
253,0.1629913710450623,0.0,0.315955766192733,0.0,7.185778856277466,0.0,0.03291177749633789,0.0,0.01,3,1,200,"{'model__learning_rate': 0.01, 'model__max_depth': 3, 'model__min_child_weight': 1, 'model__min_split_loss': 200}",0.1629913710450623,0.315955766192733
253,0.1629913710450623,0.0,0.315955766192733,0.0,9.097666501998901,0.0,0.02892279624938965,0.0,0.01,3,5,200,"{'model__learning_rate': 0.01, 'model__max_depth': 3, 'model__min_child_weight': 5, 'model__min_split_loss': 200}",0.1629913710450623,0.315955766192733
253,0.1629913710450623,0.0,0.315955766192733,0.0,10.3852219581604,0.0,0.040891170501708984,0.0,0.01,3,10,200,"{'model__learning_rate': 0.01, 'model__max_depth': 3, 'model__min_child_weight': 10, 'model__min_split_loss': 200}",0.1629913710450623,0.315955766192733
256,0.14119601328903653,0.0,0.28188865398167723,0.0,7.292493104934692,0.0,0.025929689407348633,0.0,0.001,3,1,0,"{'model__learning_rate': 0.001, 'model__max_depth': 3, 'model__min_child_weight': 1, 'model__min_split_loss': 0}",0.14119601328903653,0.28188865398167723
256,0.14119601328903653,0.0,0.28188865398167723,0.0,6.887577056884766,0.0,0.02792501449584961,0.0,0.001,3,1,10,"{'model__learning_rate': 0.001, 'model__max_depth': 3, 'model__min_child_weight': 1, 'model__min_split_loss': 10}",0.14119601328903653,0.28188865398167723
256,0.14119601328903653,0.0,0.28188865398167723,0.0,6.8576576709747314,0.0,0.02393507957458496,0.0,0.001,3,1,50,"{'model__learning_rate': 0.001, 'model__max_depth': 3, 'model__min_child_weight': 1, 'model__min_split_loss': 50}",0.14119601328903653,0.28188865398167723
256,0.14119601328903653,0.0,0.28188865398167723,0.0,9.881568908691406,0.0,0.03989410400390625,0.0,0.001,3,1,100,"{'model__learning_rate': 0.001, 'model__max_depth': 3, 'model__min_child_weight': 1, 'model__min_split_loss': 100}",0.14119601328903653,0.28188865398167723
256,0.14119601328903653,0.0,0.28188865398167723,0.0,7.305459022521973,0.0,0.025930404663085938,0.0,0.001,3,1,200,"{'model__learning_rate': 0.001, 'model__max_depth': 3, 'model__min_child_weight': 1, 'model__min_split_loss': 200}",0.14119601328903653,0.28188865398167723
256,0.14119601328903653,0.0,0.28188865398167723,0.0,10.122923374176025,0.0,0.03789854049682617,0.0,0.001,3,5,0,"{'model__learning_rate': 0.001, 'model__max_depth': 3, 'model__min_child_weight': 5, 'model__min_split_loss': 0}",0.14119601328903653,0.28188865398167723
256,0.14119601328903653,0.0,0.28188865398167723,0.0,9.961356163024902,0.0,0.04288601875305176,0.0,0.001,3,5,10,"{'model__learning_rate': 0.001, 'model__max_depth': 3, 'model__min_child_weight': 5, 'model__min_split_loss': 10}",0.14119601328903653,0.28188865398167723
256,0.14119601328903653,0.0,0.28188865398167723,0.0,9.324059963226318,0.0,0.03889822959899902,0.0,0.001,3,5,50,"{'model__learning_rate': 0.001, 'model__max_depth': 3, 'model__min_child_weight': 5, 'model__min_split_loss': 50}",0.14119601328903653,0.28188865398167723
256,0.14119601328903653,0.0,0.28188865398167723,0.0,6.73598313331604,0.0,0.024933815002441406,0.0,0.001,3,5,100,"{'model__learning_rate': 0.001, 'model__max_depth': 3, 'model__min_child_weight': 5, 'model__min_split_loss': 100}",0.14119601328903653,0.28188865398167723
256,0.14119601328903653,0.0,0.28188865398167723,0.0,6.658191680908203,0.0,0.026928186416625977,0.0,0.001,3,5,200,"{'model__learning_rate': 0.001, 'model__max_depth': 3, 'model__min_child_weight': 5, 'model__min_split_loss': 200}",0.14119601328903653,0.28188865398167723
256,0.14119601328903653,0.0,0.28188865398167723,0.0,7.7502710819244385,0.0,0.04886889457702637,0.0,0.001,3,10,0,"{'model__learning_rate': 0.001, 'model__max_depth': 3, 'model__min_child_weight': 10, 'model__min_split_loss': 0}",0.14119601328903653,0.28188865398167723
256,0.14119601328903653,0.0,0.28188865398167723,0.0,6.627275466918945,0.0,0.027925968170166016,0.0,0.001,3,10,10,"{'model__learning_rate': 0.001, 'model__max_depth': 3, 'model__min_child_weight': 10, 'model__min_split_loss': 10}",0.14119601328903653,0.28188865398167723
256,0.14119601328903653,0.0,0.28188865398167723,0.0,8.40950608253479,0.0,0.025931358337402344,0.0,0.001,3,10,50,"{'model__learning_rate': 0.001, 'model__max_depth': 3, 'model__min_child_weight': 10, 'model__min_split_loss': 50}",0.14119601328903653,0.28188865398167723
256,0.14119601328903653,0.0,0.28188865398167723,0.0,10.017206192016602,0.0,0.025931358337402344,0.0,0.001,3,10,100,"{'model__learning_rate': 0.001, 'model__max_depth': 3, 'model__min_child_weight': 10, 'model__min_split_loss': 100}",0.14119601328903653,0.28188865398167723
256,0.14119601328903653,0.0,0.28188865398167723,0.0,8.24195408821106,0.0,0.04188847541809082,0.0,0.001,3,10,200,"{'model__learning_rate': 0.001, 'model__max_depth': 3, 'model__min_child_weight': 10, 'model__min_split_loss': 200}",0.14119601328903653,0.28188865398167723
